--------------------------------------------------------
-- Archivo creado  - lunes-mayo-08-2023   
--------------------------------------------------------
--------------------------------------------------------
--  DDL for Table APP_COMUNA
--------------------------------------------------------

  CREATE TABLE "ALEJANDRO"."APP_COMUNA" 
   (	"ID_COMUNA" NUMBER(11,0), 
	"NOMBRECOMUNA" NVARCHAR2(50)
   ) SEGMENT CREATION IMMEDIATE 
  PCTFREE 10 PCTUSED 40 INITRANS 1 MAXTRANS 255 
 NOCOMPRESS LOGGING
  STORAGE(INITIAL 65536 NEXT 1048576 MINEXTENTS 1 MAXEXTENTS 2147483645
  PCTINCREASE 0 FREELISTS 1 FREELIST GROUPS 1
  BUFFER_POOL DEFAULT FLASH_CACHE DEFAULT CELL_FLASH_CACHE DEFAULT)
  TABLESPACE "USERS" ;
--------------------------------------------------------
--  DDL for Table APP_CONTACTO
--------------------------------------------------------

  CREATE TABLE "ALEJANDRO"."APP_CONTACTO" 
   (	"ID" NUMBER(19,0) GENERATED BY DEFAULT ON NULL AS IDENTITY MINVALUE 1 MAXVALUE 9999999999999999999999999999 INCREMENT BY 1 START WITH 1 CACHE 20 NOORDER  NOCYCLE  NOKEEP  NOSCALE , 
	"NOMCONTACTO" NVARCHAR2(50), 
	"APECONTACTO" NVARCHAR2(30), 
	"CORREOCONTACTO" NVARCHAR2(30), 
	"CONSULTA" NUMBER(11,0), 
	"MENSAJE" NCLOB, 
	"AVISOS" NUMBER(1,0)
   ) SEGMENT CREATION IMMEDIATE 
  PCTFREE 10 PCTUSED 40 INITRANS 1 MAXTRANS 255 
 NOCOMPRESS LOGGING
  STORAGE(INITIAL 65536 NEXT 1048576 MINEXTENTS 1 MAXEXTENTS 2147483645
  PCTINCREASE 0 FREELISTS 1 FREELIST GROUPS 1
  BUFFER_POOL DEFAULT FLASH_CACHE DEFAULT CELL_FLASH_CACHE DEFAULT)
  TABLESPACE "USERS" 
 LOB ("MENSAJE") STORE AS SECUREFILE (
  TABLESPACE "USERS" ENABLE STORAGE IN ROW 4000 CHUNK 8192
  NOCACHE LOGGING  NOCOMPRESS  KEEP_DUPLICATES 
  STORAGE(INITIAL 262144 NEXT 1048576 MINEXTENTS 1 MAXEXTENTS 2147483645
  PCTINCREASE 0
  BUFFER_POOL DEFAULT FLASH_CACHE DEFAULT CELL_FLASH_CACHE DEFAULT)) ;
--------------------------------------------------------
--  DDL for Table APP_PERSONAS
--------------------------------------------------------

  CREATE TABLE "ALEJANDRO"."APP_PERSONAS" 
   (	"ID_PER" NUMBER(11,0), 
	"NOMBRE_PER" NVARCHAR2(50), 
	"APELLIDO_PER" NVARCHAR2(30), 
	"CORREO_PER" NVARCHAR2(30), 
	"CLAVE_PER" NVARCHAR2(20), 
	"CODPOSTAL_PER" NUMBER(11,0), 
	"COMUNA_ID" NUMBER(11,0), 
	"REGION_ID" NUMBER(11,0), 
	"PROFECION_ID" NUMBER(11,0)
   ) SEGMENT CREATION IMMEDIATE 
  PCTFREE 10 PCTUSED 40 INITRANS 1 MAXTRANS 255 
 NOCOMPRESS LOGGING
  STORAGE(INITIAL 65536 NEXT 1048576 MINEXTENTS 1 MAXEXTENTS 2147483645
  PCTINCREASE 0 FREELISTS 1 FREELIST GROUPS 1
  BUFFER_POOL DEFAULT FLASH_CACHE DEFAULT CELL_FLASH_CACHE DEFAULT)
  TABLESPACE "USERS" ;
--------------------------------------------------------
--  DDL for Table APP_PROFECION
--------------------------------------------------------

  CREATE TABLE "ALEJANDRO"."APP_PROFECION" 
   (	"ID_PROFECION" NUMBER(11,0), 
	"NOMBREPROFECION" NVARCHAR2(50)
   ) SEGMENT CREATION IMMEDIATE 
  PCTFREE 10 PCTUSED 40 INITRANS 1 MAXTRANS 255 
 NOCOMPRESS LOGGING
  STORAGE(INITIAL 65536 NEXT 1048576 MINEXTENTS 1 MAXEXTENTS 2147483645
  PCTINCREASE 0 FREELISTS 1 FREELIST GROUPS 1
  BUFFER_POOL DEFAULT FLASH_CACHE DEFAULT CELL_FLASH_CACHE DEFAULT)
  TABLESPACE "USERS" ;
--------------------------------------------------------
--  DDL for Table APP_REGION
--------------------------------------------------------

  CREATE TABLE "ALEJANDRO"."APP_REGION" 
   (	"ID_REGION" NUMBER(11,0), 
	"NOMBREREGION" NVARCHAR2(50)
   ) SEGMENT CREATION IMMEDIATE 
  PCTFREE 10 PCTUSED 40 INITRANS 1 MAXTRANS 255 
 NOCOMPRESS LOGGING
  STORAGE(INITIAL 65536 NEXT 1048576 MINEXTENTS 1 MAXEXTENTS 2147483645
  PCTINCREASE 0 FREELISTS 1 FREELIST GROUPS 1
  BUFFER_POOL DEFAULT FLASH_CACHE DEFAULT CELL_FLASH_CACHE DEFAULT)
  TABLESPACE "USERS" ;
--------------------------------------------------------
--  DDL for Table AUTH_GROUP
--------------------------------------------------------

  CREATE TABLE "ALEJANDRO"."AUTH_GROUP" 
   (	"ID" NUMBER(11,0) GENERATED BY DEFAULT ON NULL AS IDENTITY MINVALUE 1 MAXVALUE 9999999999999999999999999999 INCREMENT BY 1 START WITH 1 CACHE 20 NOORDER  NOCYCLE  NOKEEP  NOSCALE , 
	"NAME" NVARCHAR2(150)
   ) SEGMENT CREATION DEFERRED 
  PCTFREE 10 PCTUSED 40 INITRANS 1 MAXTRANS 255 
 NOCOMPRESS LOGGING
  TABLESPACE "USERS" ;
--------------------------------------------------------
--  DDL for Table AUTH_GROUP_PERMISSIONS
--------------------------------------------------------

  CREATE TABLE "ALEJANDRO"."AUTH_GROUP_PERMISSIONS" 
   (	"ID" NUMBER(19,0) GENERATED BY DEFAULT ON NULL AS IDENTITY MINVALUE 1 MAXVALUE 9999999999999999999999999999 INCREMENT BY 1 START WITH 1 CACHE 20 NOORDER  NOCYCLE  NOKEEP  NOSCALE , 
	"GROUP_ID" NUMBER(11,0), 
	"PERMISSION_ID" NUMBER(11,0)
   ) SEGMENT CREATION DEFERRED 
  PCTFREE 10 PCTUSED 40 INITRANS 1 MAXTRANS 255 
 NOCOMPRESS LOGGING
  TABLESPACE "USERS" ;
--------------------------------------------------------
--  DDL for Table AUTH_PERMISSION
--------------------------------------------------------

  CREATE TABLE "ALEJANDRO"."AUTH_PERMISSION" 
   (	"ID" NUMBER(11,0) GENERATED BY DEFAULT ON NULL AS IDENTITY MINVALUE 1 MAXVALUE 9999999999999999999999999999 INCREMENT BY 1 START WITH 1 CACHE 20 NOORDER  NOCYCLE  NOKEEP  NOSCALE , 
	"NAME" NVARCHAR2(255), 
	"CONTENT_TYPE_ID" NUMBER(11,0), 
	"CODENAME" NVARCHAR2(100)
   ) SEGMENT CREATION IMMEDIATE 
  PCTFREE 10 PCTUSED 40 INITRANS 1 MAXTRANS 255 
 NOCOMPRESS LOGGING
  STORAGE(INITIAL 65536 NEXT 1048576 MINEXTENTS 1 MAXEXTENTS 2147483645
  PCTINCREASE 0 FREELISTS 1 FREELIST GROUPS 1
  BUFFER_POOL DEFAULT FLASH_CACHE DEFAULT CELL_FLASH_CACHE DEFAULT)
  TABLESPACE "USERS" ;
--------------------------------------------------------
--  DDL for Table AUTHTOKEN_TOKEN
--------------------------------------------------------

  CREATE TABLE "ALEJANDRO"."AUTHTOKEN_TOKEN" 
   (	"KEY" NVARCHAR2(40), 
	"CREATED" TIMESTAMP (6), 
	"USER_ID" NUMBER(11,0)
   ) SEGMENT CREATION IMMEDIATE 
  PCTFREE 10 PCTUSED 40 INITRANS 1 MAXTRANS 255 
 NOCOMPRESS LOGGING
  STORAGE(INITIAL 65536 NEXT 1048576 MINEXTENTS 1 MAXEXTENTS 2147483645
  PCTINCREASE 0 FREELISTS 1 FREELIST GROUPS 1
  BUFFER_POOL DEFAULT FLASH_CACHE DEFAULT CELL_FLASH_CACHE DEFAULT)
  TABLESPACE "USERS" ;
--------------------------------------------------------
--  DDL for Table AUTH_USER
--------------------------------------------------------

  CREATE TABLE "ALEJANDRO"."AUTH_USER" 
   (	"ID" NUMBER(11,0) GENERATED BY DEFAULT ON NULL AS IDENTITY MINVALUE 1 MAXVALUE 9999999999999999999999999999 INCREMENT BY 1 START WITH 1 CACHE 20 NOORDER  NOCYCLE  NOKEEP  NOSCALE , 
	"PASSWORD" NVARCHAR2(128), 
	"LAST_LOGIN" TIMESTAMP (6), 
	"IS_SUPERUSER" NUMBER(1,0), 
	"USERNAME" NVARCHAR2(150), 
	"FIRST_NAME" NVARCHAR2(150), 
	"LAST_NAME" NVARCHAR2(150), 
	"EMAIL" NVARCHAR2(254), 
	"IS_STAFF" NUMBER(1,0), 
	"IS_ACTIVE" NUMBER(1,0), 
	"DATE_JOINED" TIMESTAMP (6)
   ) SEGMENT CREATION IMMEDIATE 
  PCTFREE 10 PCTUSED 40 INITRANS 1 MAXTRANS 255 
 NOCOMPRESS LOGGING
  STORAGE(INITIAL 65536 NEXT 1048576 MINEXTENTS 1 MAXEXTENTS 2147483645
  PCTINCREASE 0 FREELISTS 1 FREELIST GROUPS 1
  BUFFER_POOL DEFAULT FLASH_CACHE DEFAULT CELL_FLASH_CACHE DEFAULT)
  TABLESPACE "USERS" ;
--------------------------------------------------------
--  DDL for Table AUTH_USER_GROUPS
--------------------------------------------------------

  CREATE TABLE "ALEJANDRO"."AUTH_USER_GROUPS" 
   (	"ID" NUMBER(19,0) GENERATED BY DEFAULT ON NULL AS IDENTITY MINVALUE 1 MAXVALUE 9999999999999999999999999999 INCREMENT BY 1 START WITH 1 CACHE 20 NOORDER  NOCYCLE  NOKEEP  NOSCALE , 
	"USER_ID" NUMBER(11,0), 
	"GROUP_ID" NUMBER(11,0)
   ) SEGMENT CREATION DEFERRED 
  PCTFREE 10 PCTUSED 40 INITRANS 1 MAXTRANS 255 
 NOCOMPRESS LOGGING
  TABLESPACE "USERS" ;
--------------------------------------------------------
--  DDL for Table AUTH_USER_USER_PERMISSIONS
--------------------------------------------------------

  CREATE TABLE "ALEJANDRO"."AUTH_USER_USER_PERMISSIONS" 
   (	"ID" NUMBER(19,0) GENERATED BY DEFAULT ON NULL AS IDENTITY MINVALUE 1 MAXVALUE 9999999999999999999999999999 INCREMENT BY 1 START WITH 1 CACHE 20 NOORDER  NOCYCLE  NOKEEP  NOSCALE , 
	"USER_ID" NUMBER(11,0), 
	"PERMISSION_ID" NUMBER(11,0)
   ) SEGMENT CREATION DEFERRED 
  PCTFREE 10 PCTUSED 40 INITRANS 1 MAXTRANS 255 
 NOCOMPRESS LOGGING
  TABLESPACE "USERS" ;
--------------------------------------------------------
--  DDL for Table DJANGO_ADMIN_LOG
--------------------------------------------------------

  CREATE TABLE "ALEJANDRO"."DJANGO_ADMIN_LOG" 
   (	"ID" NUMBER(11,0) GENERATED BY DEFAULT ON NULL AS IDENTITY MINVALUE 1 MAXVALUE 9999999999999999999999999999 INCREMENT BY 1 START WITH 1 CACHE 20 NOORDER  NOCYCLE  NOKEEP  NOSCALE , 
	"ACTION_TIME" TIMESTAMP (6), 
	"OBJECT_ID" NCLOB, 
	"OBJECT_REPR" NVARCHAR2(200), 
	"ACTION_FLAG" NUMBER(11,0), 
	"CHANGE_MESSAGE" NCLOB, 
	"CONTENT_TYPE_ID" NUMBER(11,0), 
	"USER_ID" NUMBER(11,0)
   ) SEGMENT CREATION IMMEDIATE 
  PCTFREE 10 PCTUSED 40 INITRANS 1 MAXTRANS 255 
 NOCOMPRESS LOGGING
  STORAGE(INITIAL 65536 NEXT 1048576 MINEXTENTS 1 MAXEXTENTS 2147483645
  PCTINCREASE 0 FREELISTS 1 FREELIST GROUPS 1
  BUFFER_POOL DEFAULT FLASH_CACHE DEFAULT CELL_FLASH_CACHE DEFAULT)
  TABLESPACE "USERS" 
 LOB ("OBJECT_ID") STORE AS SECUREFILE (
  TABLESPACE "USERS" ENABLE STORAGE IN ROW 4000 CHUNK 8192
  NOCACHE LOGGING  NOCOMPRESS  KEEP_DUPLICATES 
  STORAGE(INITIAL 262144 NEXT 1048576 MINEXTENTS 1 MAXEXTENTS 2147483645
  PCTINCREASE 0
  BUFFER_POOL DEFAULT FLASH_CACHE DEFAULT CELL_FLASH_CACHE DEFAULT)) 
 LOB ("CHANGE_MESSAGE") STORE AS SECUREFILE (
  TABLESPACE "USERS" ENABLE STORAGE IN ROW 4000 CHUNK 8192
  NOCACHE LOGGING  NOCOMPRESS  KEEP_DUPLICATES 
  STORAGE(INITIAL 262144 NEXT 1048576 MINEXTENTS 1 MAXEXTENTS 2147483645
  PCTINCREASE 0
  BUFFER_POOL DEFAULT FLASH_CACHE DEFAULT CELL_FLASH_CACHE DEFAULT)) ;
--------------------------------------------------------
--  DDL for Table DJANGO_CONTENT_TYPE
--------------------------------------------------------

  CREATE TABLE "ALEJANDRO"."DJANGO_CONTENT_TYPE" 
   (	"ID" NUMBER(11,0) GENERATED BY DEFAULT ON NULL AS IDENTITY MINVALUE 1 MAXVALUE 9999999999999999999999999999 INCREMENT BY 1 START WITH 1 CACHE 20 NOORDER  NOCYCLE  NOKEEP  NOSCALE , 
	"APP_LABEL" NVARCHAR2(100), 
	"MODEL" NVARCHAR2(100)
   ) SEGMENT CREATION IMMEDIATE 
  PCTFREE 10 PCTUSED 40 INITRANS 1 MAXTRANS 255 
 NOCOMPRESS LOGGING
  STORAGE(INITIAL 65536 NEXT 1048576 MINEXTENTS 1 MAXEXTENTS 2147483645
  PCTINCREASE 0 FREELISTS 1 FREELIST GROUPS 1
  BUFFER_POOL DEFAULT FLASH_CACHE DEFAULT CELL_FLASH_CACHE DEFAULT)
  TABLESPACE "USERS" ;
--------------------------------------------------------
--  DDL for Table DJANGO_MIGRATIONS
--------------------------------------------------------

  CREATE TABLE "ALEJANDRO"."DJANGO_MIGRATIONS" 
   (	"ID" NUMBER(19,0) GENERATED BY DEFAULT ON NULL AS IDENTITY MINVALUE 1 MAXVALUE 9999999999999999999999999999 INCREMENT BY 1 START WITH 1 CACHE 20 NOORDER  NOCYCLE  NOKEEP  NOSCALE , 
	"APP" NVARCHAR2(255), 
	"NAME" NVARCHAR2(255), 
	"APPLIED" TIMESTAMP (6)
   ) SEGMENT CREATION IMMEDIATE 
  PCTFREE 10 PCTUSED 40 INITRANS 1 MAXTRANS 255 
 NOCOMPRESS LOGGING
  STORAGE(INITIAL 65536 NEXT 1048576 MINEXTENTS 1 MAXEXTENTS 2147483645
  PCTINCREASE 0 FREELISTS 1 FREELIST GROUPS 1
  BUFFER_POOL DEFAULT FLASH_CACHE DEFAULT CELL_FLASH_CACHE DEFAULT)
  TABLESPACE "USERS" ;
--------------------------------------------------------
--  DDL for Table DJANGO_SESSION
--------------------------------------------------------

  CREATE TABLE "ALEJANDRO"."DJANGO_SESSION" 
   (	"SESSION_KEY" NVARCHAR2(40), 
	"SESSION_DATA" NCLOB, 
	"EXPIRE_DATE" TIMESTAMP (6)
   ) SEGMENT CREATION IMMEDIATE 
  PCTFREE 10 PCTUSED 40 INITRANS 1 MAXTRANS 255 
 NOCOMPRESS LOGGING
  STORAGE(INITIAL 65536 NEXT 1048576 MINEXTENTS 1 MAXEXTENTS 2147483645
  PCTINCREASE 0 FREELISTS 1 FREELIST GROUPS 1
  BUFFER_POOL DEFAULT FLASH_CACHE DEFAULT CELL_FLASH_CACHE DEFAULT)
  TABLESPACE "USERS" 
 LOB ("SESSION_DATA") STORE AS SECUREFILE (
  TABLESPACE "USERS" ENABLE STORAGE IN ROW 4000 CHUNK 8192
  NOCACHE LOGGING  NOCOMPRESS  KEEP_DUPLICATES 
  STORAGE(INITIAL 262144 NEXT 1048576 MINEXTENTS 1 MAXEXTENTS 2147483645
  PCTINCREASE 0
  BUFFER_POOL DEFAULT FLASH_CACHE DEFAULT CELL_FLASH_CACHE DEFAULT)) ;
REM INSERTING into ALEJANDRO.APP_COMUNA
SET DEFINE OFF;
Insert into ALEJANDRO.APP_COMUNA (ID_COMUNA,NOMBRECOMUNA) values ('1','Hualpen');
Insert into ALEJANDRO.APP_COMUNA (ID_COMUNA,NOMBRECOMUNA) values ('2','Talcahuano');
Insert into ALEJANDRO.APP_COMUNA (ID_COMUNA,NOMBRECOMUNA) values ('3','San Pedro de la paz');
Insert into ALEJANDRO.APP_COMUNA (ID_COMUNA,NOMBRECOMUNA) values ('4','Hualqui');
REM INSERTING into ALEJANDRO.APP_CONTACTO
SET DEFINE OFF;
Insert into ALEJANDRO.APP_CONTACTO (ID,NOMCONTACTO,APECONTACTO,CORREOCONTACTO,CONSULTA,AVISOS) values ('1','dasd','dasdsa','dab@duoc.cl','0','0');
REM INSERTING into ALEJANDRO.APP_PERSONAS
SET DEFINE OFF;
Insert into ALEJANDRO.APP_PERSONAS (ID_PER,NOMBRE_PER,APELLIDO_PER,CORREO_PER,CLAVE_PER,CODPOSTAL_PER,COMUNA_ID,REGION_ID,PROFECION_ID) values ('181440686','Fabian','Gutierrez','fabian@gmail.com','fabian123','4030000','1','1','3');
Insert into ALEJANDRO.APP_PERSONAS (ID_PER,NOMBRE_PER,APELLIDO_PER,CORREO_PER,CLAVE_PER,CODPOSTAL_PER,COMUNA_ID,REGION_ID,PROFECION_ID) values ('184459085','Ricardo','Barraza','Ricardo@gmail.com','ricardo123','4030000','1','1','1');
Insert into ALEJANDRO.APP_PERSONAS (ID_PER,NOMBRE_PER,APELLIDO_PER,CORREO_PER,CLAVE_PER,CODPOSTAL_PER,COMUNA_ID,REGION_ID,PROFECION_ID) values ('181447759','Constanza','Ayala','Constanza@gmail.com','constanza123','4030000','1','1','1');
REM INSERTING into ALEJANDRO.APP_PROFECION
SET DEFINE OFF;
Insert into ALEJANDRO.APP_PROFECION (ID_PROFECION,NOMBREPROFECION) values ('2','Medicina o enfermeria');
Insert into ALEJANDRO.APP_PROFECION (ID_PROFECION,NOMBREPROFECION) values ('3','Analista de sistemas');
Insert into ALEJANDRO.APP_PROFECION (ID_PROFECION,NOMBREPROFECION) values ('4','Electronica y electricidad');
Insert into ALEJANDRO.APP_PROFECION (ID_PROFECION,NOMBREPROFECION) values ('5','Analista de RRHH');
Insert into ALEJANDRO.APP_PROFECION (ID_PROFECION,NOMBREPROFECION) values ('1','Informatica y telecomunicaciones');
REM INSERTING into ALEJANDRO.APP_REGION
SET DEFINE OFF;
Insert into ALEJANDRO.APP_REGION (ID_REGION,NOMBREREGION) values ('1','Bio Bio');
Insert into ALEJANDRO.APP_REGION (ID_REGION,NOMBREREGION) values ('2','Metropolitana');
Insert into ALEJANDRO.APP_REGION (ID_REGION,NOMBREREGION) values ('3','Tarapaca');
Insert into ALEJANDRO.APP_REGION (ID_REGION,NOMBREREGION) values ('4','Atacama');
Insert into ALEJANDRO.APP_REGION (ID_REGION,NOMBREREGION) values ('5','Los Lagos');
REM INSERTING into ALEJANDRO.AUTH_GROUP
SET DEFINE OFF;
REM INSERTING into ALEJANDRO.AUTH_GROUP_PERMISSIONS
SET DEFINE OFF;
REM INSERTING into ALEJANDRO.AUTH_PERMISSION
SET DEFINE OFF;
Insert into ALEJANDRO.AUTH_PERMISSION (ID,NAME,CONTENT_TYPE_ID,CODENAME) values ('1','Can add log entry','1','add_logentry');
Insert into ALEJANDRO.AUTH_PERMISSION (ID,NAME,CONTENT_TYPE_ID,CODENAME) values ('2','Can change log entry','1','change_logentry');
Insert into ALEJANDRO.AUTH_PERMISSION (ID,NAME,CONTENT_TYPE_ID,CODENAME) values ('3','Can delete log entry','1','delete_logentry');
Insert into ALEJANDRO.AUTH_PERMISSION (ID,NAME,CONTENT_TYPE_ID,CODENAME) values ('4','Can view log entry','1','view_logentry');
Insert into ALEJANDRO.AUTH_PERMISSION (ID,NAME,CONTENT_TYPE_ID,CODENAME) values ('5','Can add permission','2','add_permission');
Insert into ALEJANDRO.AUTH_PERMISSION (ID,NAME,CONTENT_TYPE_ID,CODENAME) values ('6','Can change permission','2','change_permission');
Insert into ALEJANDRO.AUTH_PERMISSION (ID,NAME,CONTENT_TYPE_ID,CODENAME) values ('7','Can delete permission','2','delete_permission');
Insert into ALEJANDRO.AUTH_PERMISSION (ID,NAME,CONTENT_TYPE_ID,CODENAME) values ('8','Can view permission','2','view_permission');
Insert into ALEJANDRO.AUTH_PERMISSION (ID,NAME,CONTENT_TYPE_ID,CODENAME) values ('9','Can add group','3','add_group');
Insert into ALEJANDRO.AUTH_PERMISSION (ID,NAME,CONTENT_TYPE_ID,CODENAME) values ('10','Can change group','3','change_group');
Insert into ALEJANDRO.AUTH_PERMISSION (ID,NAME,CONTENT_TYPE_ID,CODENAME) values ('11','Can delete group','3','delete_group');
Insert into ALEJANDRO.AUTH_PERMISSION (ID,NAME,CONTENT_TYPE_ID,CODENAME) values ('12','Can view group','3','view_group');
Insert into ALEJANDRO.AUTH_PERMISSION (ID,NAME,CONTENT_TYPE_ID,CODENAME) values ('13','Can add user','4','add_user');
Insert into ALEJANDRO.AUTH_PERMISSION (ID,NAME,CONTENT_TYPE_ID,CODENAME) values ('14','Can change user','4','change_user');
Insert into ALEJANDRO.AUTH_PERMISSION (ID,NAME,CONTENT_TYPE_ID,CODENAME) values ('15','Can delete user','4','delete_user');
Insert into ALEJANDRO.AUTH_PERMISSION (ID,NAME,CONTENT_TYPE_ID,CODENAME) values ('16','Can view user','4','view_user');
Insert into ALEJANDRO.AUTH_PERMISSION (ID,NAME,CONTENT_TYPE_ID,CODENAME) values ('17','Can add content type','5','add_contenttype');
Insert into ALEJANDRO.AUTH_PERMISSION (ID,NAME,CONTENT_TYPE_ID,CODENAME) values ('18','Can change content type','5','change_contenttype');
Insert into ALEJANDRO.AUTH_PERMISSION (ID,NAME,CONTENT_TYPE_ID,CODENAME) values ('19','Can delete content type','5','delete_contenttype');
Insert into ALEJANDRO.AUTH_PERMISSION (ID,NAME,CONTENT_TYPE_ID,CODENAME) values ('20','Can view content type','5','view_contenttype');
Insert into ALEJANDRO.AUTH_PERMISSION (ID,NAME,CONTENT_TYPE_ID,CODENAME) values ('21','Can add session','6','add_session');
Insert into ALEJANDRO.AUTH_PERMISSION (ID,NAME,CONTENT_TYPE_ID,CODENAME) values ('22','Can change session','6','change_session');
Insert into ALEJANDRO.AUTH_PERMISSION (ID,NAME,CONTENT_TYPE_ID,CODENAME) values ('23','Can delete session','6','delete_session');
Insert into ALEJANDRO.AUTH_PERMISSION (ID,NAME,CONTENT_TYPE_ID,CODENAME) values ('24','Can view session','6','view_session');
Insert into ALEJANDRO.AUTH_PERMISSION (ID,NAME,CONTENT_TYPE_ID,CODENAME) values ('25','Can add comuna','7','add_comuna');
Insert into ALEJANDRO.AUTH_PERMISSION (ID,NAME,CONTENT_TYPE_ID,CODENAME) values ('26','Can change comuna','7','change_comuna');
Insert into ALEJANDRO.AUTH_PERMISSION (ID,NAME,CONTENT_TYPE_ID,CODENAME) values ('27','Can delete comuna','7','delete_comuna');
Insert into ALEJANDRO.AUTH_PERMISSION (ID,NAME,CONTENT_TYPE_ID,CODENAME) values ('28','Can view comuna','7','view_comuna');
Insert into ALEJANDRO.AUTH_PERMISSION (ID,NAME,CONTENT_TYPE_ID,CODENAME) values ('29','Can add region','8','add_region');
Insert into ALEJANDRO.AUTH_PERMISSION (ID,NAME,CONTENT_TYPE_ID,CODENAME) values ('30','Can change region','8','change_region');
Insert into ALEJANDRO.AUTH_PERMISSION (ID,NAME,CONTENT_TYPE_ID,CODENAME) values ('31','Can delete region','8','delete_region');
Insert into ALEJANDRO.AUTH_PERMISSION (ID,NAME,CONTENT_TYPE_ID,CODENAME) values ('32','Can view region','8','view_region');
Insert into ALEJANDRO.AUTH_PERMISSION (ID,NAME,CONTENT_TYPE_ID,CODENAME) values ('33','Can add personas','9','add_personas');
Insert into ALEJANDRO.AUTH_PERMISSION (ID,NAME,CONTENT_TYPE_ID,CODENAME) values ('34','Can change personas','9','change_personas');
Insert into ALEJANDRO.AUTH_PERMISSION (ID,NAME,CONTENT_TYPE_ID,CODENAME) values ('35','Can delete personas','9','delete_personas');
Insert into ALEJANDRO.AUTH_PERMISSION (ID,NAME,CONTENT_TYPE_ID,CODENAME) values ('36','Can view personas','9','view_personas');
Insert into ALEJANDRO.AUTH_PERMISSION (ID,NAME,CONTENT_TYPE_ID,CODENAME) values ('37','Can add Token','10','add_token');
Insert into ALEJANDRO.AUTH_PERMISSION (ID,NAME,CONTENT_TYPE_ID,CODENAME) values ('38','Can change Token','10','change_token');
Insert into ALEJANDRO.AUTH_PERMISSION (ID,NAME,CONTENT_TYPE_ID,CODENAME) values ('39','Can delete Token','10','delete_token');
Insert into ALEJANDRO.AUTH_PERMISSION (ID,NAME,CONTENT_TYPE_ID,CODENAME) values ('40','Can view Token','10','view_token');
Insert into ALEJANDRO.AUTH_PERMISSION (ID,NAME,CONTENT_TYPE_ID,CODENAME) values ('41','Can add token','11','add_tokenproxy');
Insert into ALEJANDRO.AUTH_PERMISSION (ID,NAME,CONTENT_TYPE_ID,CODENAME) values ('42','Can change token','11','change_tokenproxy');
Insert into ALEJANDRO.AUTH_PERMISSION (ID,NAME,CONTENT_TYPE_ID,CODENAME) values ('43','Can delete token','11','delete_tokenproxy');
Insert into ALEJANDRO.AUTH_PERMISSION (ID,NAME,CONTENT_TYPE_ID,CODENAME) values ('44','Can view token','11','view_tokenproxy');
Insert into ALEJANDRO.AUTH_PERMISSION (ID,NAME,CONTENT_TYPE_ID,CODENAME) values ('45','Can add profecion','12','add_profecion');
Insert into ALEJANDRO.AUTH_PERMISSION (ID,NAME,CONTENT_TYPE_ID,CODENAME) values ('46','Can change profecion','12','change_profecion');
Insert into ALEJANDRO.AUTH_PERMISSION (ID,NAME,CONTENT_TYPE_ID,CODENAME) values ('47','Can delete profecion','12','delete_profecion');
Insert into ALEJANDRO.AUTH_PERMISSION (ID,NAME,CONTENT_TYPE_ID,CODENAME) values ('48','Can view profecion','12','view_profecion');
Insert into ALEJANDRO.AUTH_PERMISSION (ID,NAME,CONTENT_TYPE_ID,CODENAME) values ('61','Can add contacto','21','add_contacto');
Insert into ALEJANDRO.AUTH_PERMISSION (ID,NAME,CONTENT_TYPE_ID,CODENAME) values ('62','Can change contacto','21','change_contacto');
Insert into ALEJANDRO.AUTH_PERMISSION (ID,NAME,CONTENT_TYPE_ID,CODENAME) values ('63','Can delete contacto','21','delete_contacto');
Insert into ALEJANDRO.AUTH_PERMISSION (ID,NAME,CONTENT_TYPE_ID,CODENAME) values ('64','Can view contacto','21','view_contacto');
REM INSERTING into ALEJANDRO.AUTHTOKEN_TOKEN
SET DEFINE OFF;
Insert into ALEJANDRO.AUTHTOKEN_TOKEN (KEY,CREATED,USER_ID) values ('c67acd3f110371a03f0fb768431ab71a08fda94c',to_timestamp('08/05/23 06:22:29,978573000','DD/MM/RR HH24:MI:SSXFF'),'22');
Insert into ALEJANDRO.AUTHTOKEN_TOKEN (KEY,CREATED,USER_ID) values ('0cf83ac89c2b163596c4a10a6cff4c910ed668ab',to_timestamp('08/05/23 06:25:54,998427000','DD/MM/RR HH24:MI:SSXFF'),'23');
REM INSERTING into ALEJANDRO.AUTH_USER
SET DEFINE OFF;
Insert into ALEJANDRO.AUTH_USER (ID,PASSWORD,LAST_LOGIN,IS_SUPERUSER,USERNAME,FIRST_NAME,LAST_NAME,EMAIL,IS_STAFF,IS_ACTIVE,DATE_JOINED) values ('1','pbkdf2_sha256$600000$luZbKy1SPzZRF4tyNuXHOu$Bg4pRUqs7M9+wwnhXvM4tWdxOcWBZSwKjXS35sro5qQ=',to_timestamp('08/05/23 03:35:44,354285000','DD/MM/RR HH24:MI:SSXFF'),'1','fabia',null,null,'fabiangch@gmail.com','1','1',to_timestamp('06/05/23 14:44:10,029711000','DD/MM/RR HH24:MI:SSXFF'));
Insert into ALEJANDRO.AUTH_USER (ID,PASSWORD,LAST_LOGIN,IS_SUPERUSER,USERNAME,FIRST_NAME,LAST_NAME,EMAIL,IS_STAFF,IS_ACTIVE,DATE_JOINED) values ('22','pbkdf2_sha256$600000$ZMkG5k1X1MRfaWAP6IAlJv$CdFhXuBJCwLXokOZ83o/cA/GkdRKbrnDN0c9oh9nvN8=',null,'0','Alejandro',null,null,null,'0','1',to_timestamp('08/05/23 06:22:11,707713000','DD/MM/RR HH24:MI:SSXFF'));
Insert into ALEJANDRO.AUTH_USER (ID,PASSWORD,LAST_LOGIN,IS_SUPERUSER,USERNAME,FIRST_NAME,LAST_NAME,EMAIL,IS_STAFF,IS_ACTIVE,DATE_JOINED) values ('23','pbkdf2_sha256$600000$Wok2hty9sFUUYQvduckyZd$qBFqYnCO2PKD+SIRjBYR7Wob7Y0Z7jMMadwu209JKXw=',null,'0','Ricardo',null,null,null,'0','1',to_timestamp('08/05/23 06:25:24,369915000','DD/MM/RR HH24:MI:SSXFF'));
REM INSERTING into ALEJANDRO.AUTH_USER_GROUPS
SET DEFINE OFF;
REM INSERTING into ALEJANDRO.AUTH_USER_USER_PERMISSIONS
SET DEFINE OFF;
REM INSERTING into ALEJANDRO.DJANGO_ADMIN_LOG
SET DEFINE OFF;
Insert into ALEJANDRO.DJANGO_ADMIN_LOG (ID,ACTION_TIME,OBJECT_REPR,ACTION_FLAG,CONTENT_TYPE_ID,USER_ID) values ('1',to_timestamp('06/05/23 15:39:07,449103000','DD/MM/RR HH24:MI:SSXFF'),'Hualpen','1','7','1');
Insert into ALEJANDRO.DJANGO_ADMIN_LOG (ID,ACTION_TIME,OBJECT_REPR,ACTION_FLAG,CONTENT_TYPE_ID,USER_ID) values ('2',to_timestamp('06/05/23 15:39:26,016322000','DD/MM/RR HH24:MI:SSXFF'),'Concepcion','1','8','1');
Insert into ALEJANDRO.DJANGO_ADMIN_LOG (ID,ACTION_TIME,OBJECT_REPR,ACTION_FLAG,CONTENT_TYPE_ID,USER_ID) values ('22',to_timestamp('08/05/23 06:22:12,066738000','DD/MM/RR HH24:MI:SSXFF'),'Alejandro','1','4','1');
Insert into ALEJANDRO.DJANGO_ADMIN_LOG (ID,ACTION_TIME,OBJECT_REPR,ACTION_FLAG,CONTENT_TYPE_ID,USER_ID) values ('23',to_timestamp('08/05/23 06:23:45,822622000','DD/MM/RR HH24:MI:SSXFF'),'Fabian','3','4','1');
Insert into ALEJANDRO.DJANGO_ADMIN_LOG (ID,ACTION_TIME,OBJECT_REPR,ACTION_FLAG,CONTENT_TYPE_ID,USER_ID) values ('24',to_timestamp('08/05/23 06:25:24,741942000','DD/MM/RR HH24:MI:SSXFF'),'Ricardo','1','4','1');
Insert into ALEJANDRO.DJANGO_ADMIN_LOG (ID,ACTION_TIME,OBJECT_REPR,ACTION_FLAG,CONTENT_TYPE_ID,USER_ID) values ('27',to_timestamp('08/05/23 06:47:57,140363000','DD/MM/RR HH24:MI:SSXFF'),'Informatica','2','12','1');
Insert into ALEJANDRO.DJANGO_ADMIN_LOG (ID,ACTION_TIME,OBJECT_REPR,ACTION_FLAG,CONTENT_TYPE_ID,USER_ID) values ('28',to_timestamp('08/05/23 06:48:36,499537000','DD/MM/RR HH24:MI:SSXFF'),'Informatica y telecomunicaciones','2','12','1');
Insert into ALEJANDRO.DJANGO_ADMIN_LOG (ID,ACTION_TIME,OBJECT_REPR,ACTION_FLAG,CONTENT_TYPE_ID,USER_ID) values ('29',to_timestamp('08/05/23 06:49:31,952195000','DD/MM/RR HH24:MI:SSXFF'),'Medicina, enfermeria y lienciados medicos','1','12','1');
Insert into ALEJANDRO.DJANGO_ADMIN_LOG (ID,ACTION_TIME,OBJECT_REPR,ACTION_FLAG,CONTENT_TYPE_ID,USER_ID) values ('30',to_timestamp('08/05/23 06:50:02,782926000','DD/MM/RR HH24:MI:SSXFF'),'Analista de sistemas','1','12','1');
Insert into ALEJANDRO.DJANGO_ADMIN_LOG (ID,ACTION_TIME,OBJECT_REPR,ACTION_FLAG,CONTENT_TYPE_ID,USER_ID) values ('31',to_timestamp('08/05/23 06:50:21,203780000','DD/MM/RR HH24:MI:SSXFF'),'Medico u o enfermero','2','12','1');
Insert into ALEJANDRO.DJANGO_ADMIN_LOG (ID,ACTION_TIME,OBJECT_REPR,ACTION_FLAG,CONTENT_TYPE_ID,USER_ID) values ('32',to_timestamp('08/05/23 06:50:49,346699000','DD/MM/RR HH24:MI:SSXFF'),'Electronica y electricidad','1','12','1');
Insert into ALEJANDRO.DJANGO_ADMIN_LOG (ID,ACTION_TIME,OBJECT_REPR,ACTION_FLAG,CONTENT_TYPE_ID,USER_ID) values ('33',to_timestamp('08/05/23 06:52:18,816963000','DD/MM/RR HH24:MI:SSXFF'),'Analista de RRHH','1','12','1');
Insert into ALEJANDRO.DJANGO_ADMIN_LOG (ID,ACTION_TIME,OBJECT_REPR,ACTION_FLAG,CONTENT_TYPE_ID,USER_ID) values ('34',to_timestamp('08/05/23 06:52:41,071749000','DD/MM/RR HH24:MI:SSXFF'),'Medicina o enfermeria','2','12','1');
Insert into ALEJANDRO.DJANGO_ADMIN_LOG (ID,ACTION_TIME,OBJECT_REPR,ACTION_FLAG,CONTENT_TYPE_ID,USER_ID) values ('35',to_timestamp('08/05/23 06:53:10,653953000','DD/MM/RR HH24:MI:SSXFF'),'Metropolitana','1','8','1');
Insert into ALEJANDRO.DJANGO_ADMIN_LOG (ID,ACTION_TIME,OBJECT_REPR,ACTION_FLAG,CONTENT_TYPE_ID,USER_ID) values ('36',to_timestamp('08/05/23 06:53:18,919349000','DD/MM/RR HH24:MI:SSXFF'),'Bio Bio','2','8','1');
Insert into ALEJANDRO.DJANGO_ADMIN_LOG (ID,ACTION_TIME,OBJECT_REPR,ACTION_FLAG,CONTENT_TYPE_ID,USER_ID) values ('37',to_timestamp('08/05/23 06:53:47,660529000','DD/MM/RR HH24:MI:SSXFF'),'Tarapaca','1','8','1');
Insert into ALEJANDRO.DJANGO_ADMIN_LOG (ID,ACTION_TIME,OBJECT_REPR,ACTION_FLAG,CONTENT_TYPE_ID,USER_ID) values ('38',to_timestamp('08/05/23 06:54:00,898264000','DD/MM/RR HH24:MI:SSXFF'),'Atacama','1','8','1');
Insert into ALEJANDRO.DJANGO_ADMIN_LOG (ID,ACTION_TIME,OBJECT_REPR,ACTION_FLAG,CONTENT_TYPE_ID,USER_ID) values ('39',to_timestamp('08/05/23 06:55:05,650899000','DD/MM/RR HH24:MI:SSXFF'),'Los Lagos','1','8','1');
Insert into ALEJANDRO.DJANGO_ADMIN_LOG (ID,ACTION_TIME,OBJECT_REPR,ACTION_FLAG,CONTENT_TYPE_ID,USER_ID) values ('40',to_timestamp('08/05/23 06:56:20,720497000','DD/MM/RR HH24:MI:SSXFF'),'Talcahuano','1','7','1');
Insert into ALEJANDRO.DJANGO_ADMIN_LOG (ID,ACTION_TIME,OBJECT_REPR,ACTION_FLAG,CONTENT_TYPE_ID,USER_ID) values ('41',to_timestamp('08/05/23 06:56:45,993620000','DD/MM/RR HH24:MI:SSXFF'),'San Pedro de la paz','1','7','1');
Insert into ALEJANDRO.DJANGO_ADMIN_LOG (ID,ACTION_TIME,OBJECT_REPR,ACTION_FLAG,CONTENT_TYPE_ID,USER_ID) values ('42',to_timestamp('08/05/23 06:57:03,597319000','DD/MM/RR HH24:MI:SSXFF'),'Hualqui','1','7','1');
Insert into ALEJANDRO.DJANGO_ADMIN_LOG (ID,ACTION_TIME,OBJECT_REPR,ACTION_FLAG,CONTENT_TYPE_ID,USER_ID) values ('21',to_timestamp('08/05/23 05:58:07,934619000','DD/MM/RR HH24:MI:SSXFF'),'Fabian','1','4','1');
Insert into ALEJANDRO.DJANGO_ADMIN_LOG (ID,ACTION_TIME,OBJECT_REPR,ACTION_FLAG,CONTENT_TYPE_ID,USER_ID) values ('25',to_timestamp('08/05/23 06:43:24,097517000','DD/MM/RR HH24:MI:SSXFF'),'Alejandro','3','9','1');
Insert into ALEJANDRO.DJANGO_ADMIN_LOG (ID,ACTION_TIME,OBJECT_REPR,ACTION_FLAG,CONTENT_TYPE_ID,USER_ID) values ('26',to_timestamp('08/05/23 06:43:29,164514000','DD/MM/RR HH24:MI:SSXFF'),'Alejandro','3','9','1');
Insert into ALEJANDRO.DJANGO_ADMIN_LOG (ID,ACTION_TIME,OBJECT_REPR,ACTION_FLAG,CONTENT_TYPE_ID,USER_ID) values ('3',to_timestamp('06/05/23 16:01:31,803327000','DD/MM/RR HH24:MI:SSXFF'),'Informatico','1','12','1');
REM INSERTING into ALEJANDRO.DJANGO_CONTENT_TYPE
SET DEFINE OFF;
Insert into ALEJANDRO.DJANGO_CONTENT_TYPE (ID,APP_LABEL,MODEL) values ('1','admin','logentry');
Insert into ALEJANDRO.DJANGO_CONTENT_TYPE (ID,APP_LABEL,MODEL) values ('2','auth','permission');
Insert into ALEJANDRO.DJANGO_CONTENT_TYPE (ID,APP_LABEL,MODEL) values ('3','auth','group');
Insert into ALEJANDRO.DJANGO_CONTENT_TYPE (ID,APP_LABEL,MODEL) values ('4','auth','user');
Insert into ALEJANDRO.DJANGO_CONTENT_TYPE (ID,APP_LABEL,MODEL) values ('5','contenttypes','contenttype');
Insert into ALEJANDRO.DJANGO_CONTENT_TYPE (ID,APP_LABEL,MODEL) values ('6','sessions','session');
Insert into ALEJANDRO.DJANGO_CONTENT_TYPE (ID,APP_LABEL,MODEL) values ('7','app','comuna');
Insert into ALEJANDRO.DJANGO_CONTENT_TYPE (ID,APP_LABEL,MODEL) values ('8','app','region');
Insert into ALEJANDRO.DJANGO_CONTENT_TYPE (ID,APP_LABEL,MODEL) values ('9','app','personas');
Insert into ALEJANDRO.DJANGO_CONTENT_TYPE (ID,APP_LABEL,MODEL) values ('10','authtoken','token');
Insert into ALEJANDRO.DJANGO_CONTENT_TYPE (ID,APP_LABEL,MODEL) values ('11','authtoken','tokenproxy');
Insert into ALEJANDRO.DJANGO_CONTENT_TYPE (ID,APP_LABEL,MODEL) values ('12','app','profecion');
Insert into ALEJANDRO.DJANGO_CONTENT_TYPE (ID,APP_LABEL,MODEL) values ('21','app','contacto');
REM INSERTING into ALEJANDRO.DJANGO_MIGRATIONS
SET DEFINE OFF;
Insert into ALEJANDRO.DJANGO_MIGRATIONS (ID,APP,NAME,APPLIED) values ('1','contenttypes','0001_initial',to_timestamp('06/05/23 14:35:54,736328000','DD/MM/RR HH24:MI:SSXFF'));
Insert into ALEJANDRO.DJANGO_MIGRATIONS (ID,APP,NAME,APPLIED) values ('2','auth','0001_initial',to_timestamp('06/05/23 14:35:55,296254000','DD/MM/RR HH24:MI:SSXFF'));
Insert into ALEJANDRO.DJANGO_MIGRATIONS (ID,APP,NAME,APPLIED) values ('3','admin','0001_initial',to_timestamp('06/05/23 14:35:55,501268000','DD/MM/RR HH24:MI:SSXFF'));
Insert into ALEJANDRO.DJANGO_MIGRATIONS (ID,APP,NAME,APPLIED) values ('4','admin','0002_logentry_remove_auto_add',to_timestamp('06/05/23 14:35:55,576273000','DD/MM/RR HH24:MI:SSXFF'));
Insert into ALEJANDRO.DJANGO_MIGRATIONS (ID,APP,NAME,APPLIED) values ('5','admin','0003_logentry_add_action_flag_choices',to_timestamp('06/05/23 14:35:55,644280000','DD/MM/RR HH24:MI:SSXFF'));
Insert into ALEJANDRO.DJANGO_MIGRATIONS (ID,APP,NAME,APPLIED) values ('6','app','0001_initial',to_timestamp('06/05/23 14:35:55,768812000','DD/MM/RR HH24:MI:SSXFF'));
Insert into ALEJANDRO.DJANGO_MIGRATIONS (ID,APP,NAME,APPLIED) values ('7','app','0002_comuna_region_delete_empresa_and_more',to_timestamp('06/05/23 14:35:56,897314000','DD/MM/RR HH24:MI:SSXFF'));
Insert into ALEJANDRO.DJANGO_MIGRATIONS (ID,APP,NAME,APPLIED) values ('8','app','0003_rename_persona_personas',to_timestamp('06/05/23 14:35:57,024859000','DD/MM/RR HH24:MI:SSXFF'));
Insert into ALEJANDRO.DJANGO_MIGRATIONS (ID,APP,NAME,APPLIED) values ('9','contenttypes','0002_remove_content_type_name',to_timestamp('06/05/23 14:35:57,281257000','DD/MM/RR HH24:MI:SSXFF'));
Insert into ALEJANDRO.DJANGO_MIGRATIONS (ID,APP,NAME,APPLIED) values ('10','auth','0002_alter_permission_name_max_length',to_timestamp('06/05/23 14:35:57,410004000','DD/MM/RR HH24:MI:SSXFF'));
Insert into ALEJANDRO.DJANGO_MIGRATIONS (ID,APP,NAME,APPLIED) values ('11','auth','0003_alter_user_email_max_length',to_timestamp('06/05/23 14:35:57,504229000','DD/MM/RR HH24:MI:SSXFF'));
Insert into ALEJANDRO.DJANGO_MIGRATIONS (ID,APP,NAME,APPLIED) values ('12','auth','0004_alter_user_username_opts',to_timestamp('06/05/23 14:35:57,575222000','DD/MM/RR HH24:MI:SSXFF'));
Insert into ALEJANDRO.DJANGO_MIGRATIONS (ID,APP,NAME,APPLIED) values ('13','auth','0005_alter_user_last_login_null',to_timestamp('06/05/23 14:35:57,678132000','DD/MM/RR HH24:MI:SSXFF'));
Insert into ALEJANDRO.DJANGO_MIGRATIONS (ID,APP,NAME,APPLIED) values ('14','auth','0006_require_contenttypes_0002',to_timestamp('06/05/23 14:35:57,735136000','DD/MM/RR HH24:MI:SSXFF'));
Insert into ALEJANDRO.DJANGO_MIGRATIONS (ID,APP,NAME,APPLIED) values ('15','auth','0007_alter_validators_add_error_messages',to_timestamp('06/05/23 14:35:57,802134000','DD/MM/RR HH24:MI:SSXFF'));
Insert into ALEJANDRO.DJANGO_MIGRATIONS (ID,APP,NAME,APPLIED) values ('16','auth','0008_alter_user_username_max_length',to_timestamp('06/05/23 14:35:57,886674000','DD/MM/RR HH24:MI:SSXFF'));
Insert into ALEJANDRO.DJANGO_MIGRATIONS (ID,APP,NAME,APPLIED) values ('17','auth','0009_alter_user_last_name_max_length',to_timestamp('06/05/23 14:35:57,970680000','DD/MM/RR HH24:MI:SSXFF'));
Insert into ALEJANDRO.DJANGO_MIGRATIONS (ID,APP,NAME,APPLIED) values ('18','auth','0010_alter_group_name_max_length',to_timestamp('06/05/23 14:35:58,047685000','DD/MM/RR HH24:MI:SSXFF'));
Insert into ALEJANDRO.DJANGO_MIGRATIONS (ID,APP,NAME,APPLIED) values ('19','auth','0011_update_proxy_permissions',to_timestamp('06/05/23 14:35:58,120959000','DD/MM/RR HH24:MI:SSXFF'));
Insert into ALEJANDRO.DJANGO_MIGRATIONS (ID,APP,NAME,APPLIED) values ('20','auth','0012_alter_user_first_name_max_length',to_timestamp('06/05/23 14:35:58,199934000','DD/MM/RR HH24:MI:SSXFF'));
Insert into ALEJANDRO.DJANGO_MIGRATIONS (ID,APP,NAME,APPLIED) values ('21','authtoken','0001_initial',to_timestamp('06/05/23 14:35:58,326292000','DD/MM/RR HH24:MI:SSXFF'));
Insert into ALEJANDRO.DJANGO_MIGRATIONS (ID,APP,NAME,APPLIED) values ('22','authtoken','0002_auto_20160226_1747',to_timestamp('06/05/23 14:35:58,428397000','DD/MM/RR HH24:MI:SSXFF'));
Insert into ALEJANDRO.DJANGO_MIGRATIONS (ID,APP,NAME,APPLIED) values ('23','authtoken','0003_tokenproxy',to_timestamp('06/05/23 14:35:58,492412000','DD/MM/RR HH24:MI:SSXFF'));
Insert into ALEJANDRO.DJANGO_MIGRATIONS (ID,APP,NAME,APPLIED) values ('24','sessions','0001_initial',to_timestamp('06/05/23 14:35:58,593390000','DD/MM/RR HH24:MI:SSXFF'));
Insert into ALEJANDRO.DJANGO_MIGRATIONS (ID,APP,NAME,APPLIED) values ('25','app','0004_profecion_alter_personas_apellido_per_and_more',to_timestamp('06/05/23 16:00:20,643393000','DD/MM/RR HH24:MI:SSXFF'));
Insert into ALEJANDRO.DJANGO_MIGRATIONS (ID,APP,NAME,APPLIED) values ('41','app','0005_contacto_alter_personas_apellido_per_and_more',to_timestamp('08/05/23 02:56:37,151100000','DD/MM/RR HH24:MI:SSXFF'));
Insert into ALEJANDRO.DJANGO_MIGRATIONS (ID,APP,NAME,APPLIED) values ('42','app','0006_alter_contacto_consulta',to_timestamp('08/05/23 02:56:37,222861000','DD/MM/RR HH24:MI:SSXFF'));
Insert into ALEJANDRO.DJANGO_MIGRATIONS (ID,APP,NAME,APPLIED) values ('43','app','0007_alter_personas_correo_per',to_timestamp('08/05/23 06:09:36,184888000','DD/MM/RR HH24:MI:SSXFF'));
REM INSERTING into ALEJANDRO.DJANGO_SESSION
SET DEFINE OFF;
Insert into ALEJANDRO.DJANGO_SESSION (SESSION_KEY,EXPIRE_DATE) values ('54e7easo5s907rmodiwcrn9h4wcdno9y',to_timestamp('20/05/23 14:44:58,911230000','DD/MM/RR HH24:MI:SSXFF'));
Insert into ALEJANDRO.DJANGO_SESSION (SESSION_KEY,EXPIRE_DATE) values ('8o0rpt6on1hy4562bjdefkb5o2fyydxj',to_timestamp('22/05/23 03:35:44,361289000','DD/MM/RR HH24:MI:SSXFF'));
--------------------------------------------------------
--  DDL for Index AUTH_GROU_GROUP_ID__0CD325B0_U
--------------------------------------------------------

  CREATE UNIQUE INDEX "ALEJANDRO"."AUTH_GROU_GROUP_ID__0CD325B0_U" ON "ALEJANDRO"."AUTH_GROUP_PERMISSIONS" ("GROUP_ID", "PERMISSION_ID") 
  PCTFREE 10 INITRANS 2 MAXTRANS 255 COMPUTE STATISTICS 
  TABLESPACE "USERS" ;
--------------------------------------------------------
--  DDL for Index AUTH_PERM_CONTENT_T_01AB375A_U
--------------------------------------------------------

  CREATE UNIQUE INDEX "ALEJANDRO"."AUTH_PERM_CONTENT_T_01AB375A_U" ON "ALEJANDRO"."AUTH_PERMISSION" ("CONTENT_TYPE_ID", "CODENAME") 
  PCTFREE 10 INITRANS 2 MAXTRANS 255 COMPUTE STATISTICS 
  STORAGE(INITIAL 65536 NEXT 1048576 MINEXTENTS 1 MAXEXTENTS 2147483645
  PCTINCREASE 0 FREELISTS 1 FREELIST GROUPS 1
  BUFFER_POOL DEFAULT FLASH_CACHE DEFAULT CELL_FLASH_CACHE DEFAULT)
  TABLESPACE "USERS" ;
--------------------------------------------------------
--  DDL for Index AUTH_USER_USER_ID_G_94350C0C_U
--------------------------------------------------------

  CREATE UNIQUE INDEX "ALEJANDRO"."AUTH_USER_USER_ID_G_94350C0C_U" ON "ALEJANDRO"."AUTH_USER_GROUPS" ("USER_ID", "GROUP_ID") 
  PCTFREE 10 INITRANS 2 MAXTRANS 255 COMPUTE STATISTICS 
  TABLESPACE "USERS" ;
--------------------------------------------------------
--  DDL for Index AUTH_USER_USER_ID_P_14A6B632_U
--------------------------------------------------------

  CREATE UNIQUE INDEX "ALEJANDRO"."AUTH_USER_USER_ID_P_14A6B632_U" ON "ALEJANDRO"."AUTH_USER_USER_PERMISSIONS" ("USER_ID", "PERMISSION_ID") 
  PCTFREE 10 INITRANS 2 MAXTRANS 255 COMPUTE STATISTICS 
  TABLESPACE "USERS" ;
--------------------------------------------------------
--  DDL for Index DJANGO_CO_APP_LABEL_76BD3D3B_U
--------------------------------------------------------

  CREATE UNIQUE INDEX "ALEJANDRO"."DJANGO_CO_APP_LABEL_76BD3D3B_U" ON "ALEJANDRO"."DJANGO_CONTENT_TYPE" ("APP_LABEL", "MODEL") 
  PCTFREE 10 INITRANS 2 MAXTRANS 255 COMPUTE STATISTICS 
  STORAGE(INITIAL 65536 NEXT 1048576 MINEXTENTS 1 MAXEXTENTS 2147483645
  PCTINCREASE 0 FREELISTS 1 FREELIST GROUPS 1
  BUFFER_POOL DEFAULT FLASH_CACHE DEFAULT CELL_FLASH_CACHE DEFAULT)
  TABLESPACE "USERS" ;
--------------------------------------------------------
--  DDL for Index AUTH_PERMI_CONTENT_TY_2F476E4B
--------------------------------------------------------

  CREATE INDEX "ALEJANDRO"."AUTH_PERMI_CONTENT_TY_2F476E4B" ON "ALEJANDRO"."AUTH_PERMISSION" ("CONTENT_TYPE_ID") 
  PCTFREE 10 INITRANS 2 MAXTRANS 255 COMPUTE STATISTICS 
  STORAGE(INITIAL 65536 NEXT 1048576 MINEXTENTS 1 MAXEXTENTS 2147483645
  PCTINCREASE 0 FREELISTS 1 FREELIST GROUPS 1
  BUFFER_POOL DEFAULT FLASH_CACHE DEFAULT CELL_FLASH_CACHE DEFAULT)
  TABLESPACE "USERS" ;
--------------------------------------------------------
--  DDL for Index DJANGO_ADM_CONTENT_TY_C4BCE8EB
--------------------------------------------------------

  CREATE INDEX "ALEJANDRO"."DJANGO_ADM_CONTENT_TY_C4BCE8EB" ON "ALEJANDRO"."DJANGO_ADMIN_LOG" ("CONTENT_TYPE_ID") 
  PCTFREE 10 INITRANS 2 MAXTRANS 255 COMPUTE STATISTICS 
  STORAGE(INITIAL 65536 NEXT 1048576 MINEXTENTS 1 MAXEXTENTS 2147483645
  PCTINCREASE 0 FREELISTS 1 FREELIST GROUPS 1
  BUFFER_POOL DEFAULT FLASH_CACHE DEFAULT CELL_FLASH_CACHE DEFAULT)
  TABLESPACE "USERS" ;
--------------------------------------------------------
--  DDL for Index AUTH_USER__USER_ID_A95EAD1B
--------------------------------------------------------

  CREATE INDEX "ALEJANDRO"."AUTH_USER__USER_ID_A95EAD1B" ON "ALEJANDRO"."AUTH_USER_USER_PERMISSIONS" ("USER_ID") 
  PCTFREE 10 INITRANS 2 MAXTRANS 255 COMPUTE STATISTICS 
  TABLESPACE "USERS" ;
--------------------------------------------------------
--  DDL for Index APP_PERSONA_COMUNA_ID_F30D2B6D
--------------------------------------------------------

  CREATE INDEX "ALEJANDRO"."APP_PERSONA_COMUNA_ID_F30D2B6D" ON "ALEJANDRO"."APP_PERSONAS" ("COMUNA_ID") 
  PCTFREE 10 INITRANS 2 MAXTRANS 255 COMPUTE STATISTICS 
  STORAGE(INITIAL 65536 NEXT 1048576 MINEXTENTS 1 MAXEXTENTS 2147483645
  PCTINCREASE 0 FREELISTS 1 FREELIST GROUPS 1
  BUFFER_POOL DEFAULT FLASH_CACHE DEFAULT CELL_FLASH_CACHE DEFAULT)
  TABLESPACE "USERS" ;
--------------------------------------------------------
--  DDL for Index DJANGO_SES_EXPIRE_DAT_A5C62663
--------------------------------------------------------

  CREATE INDEX "ALEJANDRO"."DJANGO_SES_EXPIRE_DAT_A5C62663" ON "ALEJANDRO"."DJANGO_SESSION" ("EXPIRE_DATE") 
  PCTFREE 10 INITRANS 2 MAXTRANS 255 COMPUTE STATISTICS 
  STORAGE(INITIAL 65536 NEXT 1048576 MINEXTENTS 1 MAXEXTENTS 2147483645
  PCTINCREASE 0 FREELISTS 1 FREELIST GROUPS 1
  BUFFER_POOL DEFAULT FLASH_CACHE DEFAULT CELL_FLASH_CACHE DEFAULT)
  TABLESPACE "USERS" ;
--------------------------------------------------------
--  DDL for Index AUTH_USER__GROUP_ID_97559544
--------------------------------------------------------

  CREATE INDEX "ALEJANDRO"."AUTH_USER__GROUP_ID_97559544" ON "ALEJANDRO"."AUTH_USER_GROUPS" ("GROUP_ID") 
  PCTFREE 10 INITRANS 2 MAXTRANS 255 COMPUTE STATISTICS 
  TABLESPACE "USERS" ;
--------------------------------------------------------
--  DDL for Index APP_PERSONA_REGION_ID_39D4B774
--------------------------------------------------------

  CREATE INDEX "ALEJANDRO"."APP_PERSONA_REGION_ID_39D4B774" ON "ALEJANDRO"."APP_PERSONAS" ("REGION_ID") 
  PCTFREE 10 INITRANS 2 MAXTRANS 255 COMPUTE STATISTICS 
  STORAGE(INITIAL 65536 NEXT 1048576 MINEXTENTS 1 MAXEXTENTS 2147483645
  PCTINCREASE 0 FREELISTS 1 FREELIST GROUPS 1
  BUFFER_POOL DEFAULT FLASH_CACHE DEFAULT CELL_FLASH_CACHE DEFAULT)
  TABLESPACE "USERS" ;
--------------------------------------------------------
--  DDL for Index DJANGO_ADM_USER_ID_C564EBA6
--------------------------------------------------------

  CREATE INDEX "ALEJANDRO"."DJANGO_ADM_USER_ID_C564EBA6" ON "ALEJANDRO"."DJANGO_ADMIN_LOG" ("USER_ID") 
  PCTFREE 10 INITRANS 2 MAXTRANS 255 COMPUTE STATISTICS 
  STORAGE(INITIAL 65536 NEXT 1048576 MINEXTENTS 1 MAXEXTENTS 2147483645
  PCTINCREASE 0 FREELISTS 1 FREELIST GROUPS 1
  BUFFER_POOL DEFAULT FLASH_CACHE DEFAULT CELL_FLASH_CACHE DEFAULT)
  TABLESPACE "USERS" ;
--------------------------------------------------------
--  DDL for Index AUTH_USER__USER_ID_6A12ED8B
--------------------------------------------------------

  CREATE INDEX "ALEJANDRO"."AUTH_USER__USER_ID_6A12ED8B" ON "ALEJANDRO"."AUTH_USER_GROUPS" ("USER_ID") 
  PCTFREE 10 INITRANS 2 MAXTRANS 255 COMPUTE STATISTICS 
  TABLESPACE "USERS" ;
--------------------------------------------------------
--  DDL for Index AUTH_GROUP_PERMISSION_84C5C92E
--------------------------------------------------------

  CREATE INDEX "ALEJANDRO"."AUTH_GROUP_PERMISSION_84C5C92E" ON "ALEJANDRO"."AUTH_GROUP_PERMISSIONS" ("PERMISSION_ID") 
  PCTFREE 10 INITRANS 2 MAXTRANS 255 COMPUTE STATISTICS 
  TABLESPACE "USERS" ;
--------------------------------------------------------
--  DDL for Index APP_PERSON_PROFECION__6BCB5711
--------------------------------------------------------

  CREATE INDEX "ALEJANDRO"."APP_PERSON_PROFECION__6BCB5711" ON "ALEJANDRO"."APP_PERSONAS" ("PROFECION_ID") 
  PCTFREE 10 INITRANS 2 MAXTRANS 255 COMPUTE STATISTICS 
  STORAGE(INITIAL 65536 NEXT 1048576 MINEXTENTS 1 MAXEXTENTS 2147483645
  PCTINCREASE 0 FREELISTS 1 FREELIST GROUPS 1
  BUFFER_POOL DEFAULT FLASH_CACHE DEFAULT CELL_FLASH_CACHE DEFAULT)
  TABLESPACE "USERS" ;
--------------------------------------------------------
--  DDL for Index AUTH_USER__PERMISSION_1FBB5F2C
--------------------------------------------------------

  CREATE INDEX "ALEJANDRO"."AUTH_USER__PERMISSION_1FBB5F2C" ON "ALEJANDRO"."AUTH_USER_USER_PERMISSIONS" ("PERMISSION_ID") 
  PCTFREE 10 INITRANS 2 MAXTRANS 255 COMPUTE STATISTICS 
  TABLESPACE "USERS" ;
--------------------------------------------------------
--  DDL for Index AUTH_GROUP_GROUP_ID_B120CBF9
--------------------------------------------------------

  CREATE INDEX "ALEJANDRO"."AUTH_GROUP_GROUP_ID_B120CBF9" ON "ALEJANDRO"."AUTH_GROUP_PERMISSIONS" ("GROUP_ID") 
  PCTFREE 10 INITRANS 2 MAXTRANS 255 COMPUTE STATISTICS 
  TABLESPACE "USERS" ;
--------------------------------------------------------
--  Constraints for Table AUTH_USER_GROUPS
--------------------------------------------------------

  ALTER TABLE "ALEJANDRO"."AUTH_USER_GROUPS" MODIFY ("ID" NOT NULL ENABLE);
  ALTER TABLE "ALEJANDRO"."AUTH_USER_GROUPS" MODIFY ("USER_ID" NOT NULL ENABLE);
  ALTER TABLE "ALEJANDRO"."AUTH_USER_GROUPS" MODIFY ("GROUP_ID" NOT NULL ENABLE);
  ALTER TABLE "ALEJANDRO"."AUTH_USER_GROUPS" ADD PRIMARY KEY ("ID")
  USING INDEX PCTFREE 10 INITRANS 2 MAXTRANS 255 COMPUTE STATISTICS 
  TABLESPACE "USERS"  ENABLE;
  ALTER TABLE "ALEJANDRO"."AUTH_USER_GROUPS" ADD CONSTRAINT "AUTH_USER_USER_ID_G_94350C0C_U" UNIQUE ("USER_ID", "GROUP_ID")
  USING INDEX PCTFREE 10 INITRANS 2 MAXTRANS 255 COMPUTE STATISTICS 
  TABLESPACE "USERS"  ENABLE;
--------------------------------------------------------
--  Constraints for Table APP_COMUNA
--------------------------------------------------------

  ALTER TABLE "ALEJANDRO"."APP_COMUNA" MODIFY ("ID_COMUNA" NOT NULL ENABLE);
  ALTER TABLE "ALEJANDRO"."APP_COMUNA" ADD PRIMARY KEY ("ID_COMUNA")
  USING INDEX PCTFREE 10 INITRANS 2 MAXTRANS 255 COMPUTE STATISTICS 
  STORAGE(INITIAL 65536 NEXT 1048576 MINEXTENTS 1 MAXEXTENTS 2147483645
  PCTINCREASE 0 FREELISTS 1 FREELIST GROUPS 1
  BUFFER_POOL DEFAULT FLASH_CACHE DEFAULT CELL_FLASH_CACHE DEFAULT)
  TABLESPACE "USERS"  ENABLE;
--------------------------------------------------------
--  Constraints for Table AUTH_PERMISSION
--------------------------------------------------------

  ALTER TABLE "ALEJANDRO"."AUTH_PERMISSION" MODIFY ("ID" NOT NULL ENABLE);
  ALTER TABLE "ALEJANDRO"."AUTH_PERMISSION" MODIFY ("CONTENT_TYPE_ID" NOT NULL ENABLE);
  ALTER TABLE "ALEJANDRO"."AUTH_PERMISSION" ADD PRIMARY KEY ("ID")
  USING INDEX PCTFREE 10 INITRANS 2 MAXTRANS 255 COMPUTE STATISTICS 
  STORAGE(INITIAL 65536 NEXT 1048576 MINEXTENTS 1 MAXEXTENTS 2147483645
  PCTINCREASE 0 FREELISTS 1 FREELIST GROUPS 1
  BUFFER_POOL DEFAULT FLASH_CACHE DEFAULT CELL_FLASH_CACHE DEFAULT)
  TABLESPACE "USERS"  ENABLE;
  ALTER TABLE "ALEJANDRO"."AUTH_PERMISSION" ADD CONSTRAINT "AUTH_PERM_CONTENT_T_01AB375A_U" UNIQUE ("CONTENT_TYPE_ID", "CODENAME")
  USING INDEX PCTFREE 10 INITRANS 2 MAXTRANS 255 COMPUTE STATISTICS 
  STORAGE(INITIAL 65536 NEXT 1048576 MINEXTENTS 1 MAXEXTENTS 2147483645
  PCTINCREASE 0 FREELISTS 1 FREELIST GROUPS 1
  BUFFER_POOL DEFAULT FLASH_CACHE DEFAULT CELL_FLASH_CACHE DEFAULT)
  TABLESPACE "USERS"  ENABLE;
--------------------------------------------------------
--  Constraints for Table APP_PROFECION
--------------------------------------------------------

  ALTER TABLE "ALEJANDRO"."APP_PROFECION" MODIFY ("ID_PROFECION" NOT NULL ENABLE);
  ALTER TABLE "ALEJANDRO"."APP_PROFECION" ADD PRIMARY KEY ("ID_PROFECION")
  USING INDEX PCTFREE 10 INITRANS 2 MAXTRANS 255 COMPUTE STATISTICS 
  STORAGE(INITIAL 65536 NEXT 1048576 MINEXTENTS 1 MAXEXTENTS 2147483645
  PCTINCREASE 0 FREELISTS 1 FREELIST GROUPS 1
  BUFFER_POOL DEFAULT FLASH_CACHE DEFAULT CELL_FLASH_CACHE DEFAULT)
  TABLESPACE "USERS"  ENABLE;
--------------------------------------------------------
--  Constraints for Table DJANGO_ADMIN_LOG
--------------------------------------------------------

  ALTER TABLE "ALEJANDRO"."DJANGO_ADMIN_LOG" MODIFY ("ID" NOT NULL ENABLE);
  ALTER TABLE "ALEJANDRO"."DJANGO_ADMIN_LOG" MODIFY ("ACTION_TIME" NOT NULL ENABLE);
  ALTER TABLE "ALEJANDRO"."DJANGO_ADMIN_LOG" MODIFY ("ACTION_FLAG" NOT NULL ENABLE);
  ALTER TABLE "ALEJANDRO"."DJANGO_ADMIN_LOG" MODIFY ("USER_ID" NOT NULL ENABLE);
  ALTER TABLE "ALEJANDRO"."DJANGO_ADMIN_LOG" ADD CHECK ("ACTION_FLAG" >= 0) ENABLE;
  ALTER TABLE "ALEJANDRO"."DJANGO_ADMIN_LOG" ADD PRIMARY KEY ("ID")
  USING INDEX PCTFREE 10 INITRANS 2 MAXTRANS 255 COMPUTE STATISTICS 
  STORAGE(INITIAL 65536 NEXT 1048576 MINEXTENTS 1 MAXEXTENTS 2147483645
  PCTINCREASE 0 FREELISTS 1 FREELIST GROUPS 1
  BUFFER_POOL DEFAULT FLASH_CACHE DEFAULT CELL_FLASH_CACHE DEFAULT)
  TABLESPACE "USERS"  ENABLE;
--------------------------------------------------------
--  Constraints for Table DJANGO_CONTENT_TYPE
--------------------------------------------------------

  ALTER TABLE "ALEJANDRO"."DJANGO_CONTENT_TYPE" MODIFY ("ID" NOT NULL ENABLE);
  ALTER TABLE "ALEJANDRO"."DJANGO_CONTENT_TYPE" ADD PRIMARY KEY ("ID")
  USING INDEX PCTFREE 10 INITRANS 2 MAXTRANS 255 COMPUTE STATISTICS 
  STORAGE(INITIAL 65536 NEXT 1048576 MINEXTENTS 1 MAXEXTENTS 2147483645
  PCTINCREASE 0 FREELISTS 1 FREELIST GROUPS 1
  BUFFER_POOL DEFAULT FLASH_CACHE DEFAULT CELL_FLASH_CACHE DEFAULT)
  TABLESPACE "USERS"  ENABLE;
  ALTER TABLE "ALEJANDRO"."DJANGO_CONTENT_TYPE" ADD CONSTRAINT "DJANGO_CO_APP_LABEL_76BD3D3B_U" UNIQUE ("APP_LABEL", "MODEL")
  USING INDEX PCTFREE 10 INITRANS 2 MAXTRANS 255 COMPUTE STATISTICS 
  STORAGE(INITIAL 65536 NEXT 1048576 MINEXTENTS 1 MAXEXTENTS 2147483645
  PCTINCREASE 0 FREELISTS 1 FREELIST GROUPS 1
  BUFFER_POOL DEFAULT FLASH_CACHE DEFAULT CELL_FLASH_CACHE DEFAULT)
  TABLESPACE "USERS"  ENABLE;
--------------------------------------------------------
--  Constraints for Table APP_CONTACTO
--------------------------------------------------------

  ALTER TABLE "ALEJANDRO"."APP_CONTACTO" MODIFY ("ID" NOT NULL ENABLE);
  ALTER TABLE "ALEJANDRO"."APP_CONTACTO" MODIFY ("CONSULTA" NOT NULL ENABLE);
  ALTER TABLE "ALEJANDRO"."APP_CONTACTO" MODIFY ("AVISOS" NOT NULL ENABLE);
  ALTER TABLE "ALEJANDRO"."APP_CONTACTO" ADD CHECK ("AVISOS" IN (0,1)) ENABLE;
  ALTER TABLE "ALEJANDRO"."APP_CONTACTO" ADD PRIMARY KEY ("ID")
  USING INDEX PCTFREE 10 INITRANS 2 MAXTRANS 255 
  STORAGE(INITIAL 65536 NEXT 1048576 MINEXTENTS 1 MAXEXTENTS 2147483645
  PCTINCREASE 0 FREELISTS 1 FREELIST GROUPS 1
  BUFFER_POOL DEFAULT FLASH_CACHE DEFAULT CELL_FLASH_CACHE DEFAULT)
  TABLESPACE "USERS"  ENABLE;
--------------------------------------------------------
--  Constraints for Table DJANGO_MIGRATIONS
--------------------------------------------------------

  ALTER TABLE "ALEJANDRO"."DJANGO_MIGRATIONS" MODIFY ("ID" NOT NULL ENABLE);
  ALTER TABLE "ALEJANDRO"."DJANGO_MIGRATIONS" MODIFY ("APPLIED" NOT NULL ENABLE);
  ALTER TABLE "ALEJANDRO"."DJANGO_MIGRATIONS" ADD PRIMARY KEY ("ID")
  USING INDEX PCTFREE 10 INITRANS 2 MAXTRANS 255 COMPUTE STATISTICS 
  STORAGE(INITIAL 65536 NEXT 1048576 MINEXTENTS 1 MAXEXTENTS 2147483645
  PCTINCREASE 0 FREELISTS 1 FREELIST GROUPS 1
  BUFFER_POOL DEFAULT FLASH_CACHE DEFAULT CELL_FLASH_CACHE DEFAULT)
  TABLESPACE "USERS"  ENABLE;
--------------------------------------------------------
--  Constraints for Table DJANGO_SESSION
--------------------------------------------------------

  ALTER TABLE "ALEJANDRO"."DJANGO_SESSION" MODIFY ("SESSION_KEY" NOT NULL ENABLE);
  ALTER TABLE "ALEJANDRO"."DJANGO_SESSION" MODIFY ("EXPIRE_DATE" NOT NULL ENABLE);
  ALTER TABLE "ALEJANDRO"."DJANGO_SESSION" ADD PRIMARY KEY ("SESSION_KEY")
  USING INDEX PCTFREE 10 INITRANS 2 MAXTRANS 255 COMPUTE STATISTICS 
  STORAGE(INITIAL 65536 NEXT 1048576 MINEXTENTS 1 MAXEXTENTS 2147483645
  PCTINCREASE 0 FREELISTS 1 FREELIST GROUPS 1
  BUFFER_POOL DEFAULT FLASH_CACHE DEFAULT CELL_FLASH_CACHE DEFAULT)
  TABLESPACE "USERS"  ENABLE;
--------------------------------------------------------
--  Constraints for Table AUTH_USER_USER_PERMISSIONS
--------------------------------------------------------

  ALTER TABLE "ALEJANDRO"."AUTH_USER_USER_PERMISSIONS" MODIFY ("ID" NOT NULL ENABLE);
  ALTER TABLE "ALEJANDRO"."AUTH_USER_USER_PERMISSIONS" MODIFY ("USER_ID" NOT NULL ENABLE);
  ALTER TABLE "ALEJANDRO"."AUTH_USER_USER_PERMISSIONS" MODIFY ("PERMISSION_ID" NOT NULL ENABLE);
  ALTER TABLE "ALEJANDRO"."AUTH_USER_USER_PERMISSIONS" ADD PRIMARY KEY ("ID")
  USING INDEX PCTFREE 10 INITRANS 2 MAXTRANS 255 COMPUTE STATISTICS 
  TABLESPACE "USERS"  ENABLE;
  ALTER TABLE "ALEJANDRO"."AUTH_USER_USER_PERMISSIONS" ADD CONSTRAINT "AUTH_USER_USER_ID_P_14A6B632_U" UNIQUE ("USER_ID", "PERMISSION_ID")
  USING INDEX PCTFREE 10 INITRANS 2 MAXTRANS 255 COMPUTE STATISTICS 
  TABLESPACE "USERS"  ENABLE;
--------------------------------------------------------
--  Constraints for Table AUTH_USER
--------------------------------------------------------

  ALTER TABLE "ALEJANDRO"."AUTH_USER" MODIFY ("ID" NOT NULL ENABLE);
  ALTER TABLE "ALEJANDRO"."AUTH_USER" MODIFY ("IS_SUPERUSER" NOT NULL ENABLE);
  ALTER TABLE "ALEJANDRO"."AUTH_USER" MODIFY ("IS_STAFF" NOT NULL ENABLE);
  ALTER TABLE "ALEJANDRO"."AUTH_USER" MODIFY ("IS_ACTIVE" NOT NULL ENABLE);
  ALTER TABLE "ALEJANDRO"."AUTH_USER" MODIFY ("DATE_JOINED" NOT NULL ENABLE);
  ALTER TABLE "ALEJANDRO"."AUTH_USER" ADD CHECK ("IS_SUPERUSER" IN (0,1)) ENABLE;
  ALTER TABLE "ALEJANDRO"."AUTH_USER" ADD CHECK ("IS_STAFF" IN (0,1)) ENABLE;
  ALTER TABLE "ALEJANDRO"."AUTH_USER" ADD CHECK ("IS_ACTIVE" IN (0,1)) ENABLE;
  ALTER TABLE "ALEJANDRO"."AUTH_USER" ADD PRIMARY KEY ("ID")
  USING INDEX PCTFREE 10 INITRANS 2 MAXTRANS 255 COMPUTE STATISTICS 
  STORAGE(INITIAL 65536 NEXT 1048576 MINEXTENTS 1 MAXEXTENTS 2147483645
  PCTINCREASE 0 FREELISTS 1 FREELIST GROUPS 1
  BUFFER_POOL DEFAULT FLASH_CACHE DEFAULT CELL_FLASH_CACHE DEFAULT)
  TABLESPACE "USERS"  ENABLE;
  ALTER TABLE "ALEJANDRO"."AUTH_USER" ADD UNIQUE ("USERNAME")
  USING INDEX PCTFREE 10 INITRANS 2 MAXTRANS 255 COMPUTE STATISTICS 
  STORAGE(INITIAL 65536 NEXT 1048576 MINEXTENTS 1 MAXEXTENTS 2147483645
  PCTINCREASE 0 FREELISTS 1 FREELIST GROUPS 1
  BUFFER_POOL DEFAULT FLASH_CACHE DEFAULT CELL_FLASH_CACHE DEFAULT)
  TABLESPACE "USERS"  ENABLE;
--------------------------------------------------------
--  Constraints for Table AUTHTOKEN_TOKEN
--------------------------------------------------------

  ALTER TABLE "ALEJANDRO"."AUTHTOKEN_TOKEN" MODIFY ("KEY" NOT NULL ENABLE);
  ALTER TABLE "ALEJANDRO"."AUTHTOKEN_TOKEN" MODIFY ("CREATED" NOT NULL ENABLE);
  ALTER TABLE "ALEJANDRO"."AUTHTOKEN_TOKEN" MODIFY ("USER_ID" NOT NULL ENABLE);
  ALTER TABLE "ALEJANDRO"."AUTHTOKEN_TOKEN" ADD PRIMARY KEY ("KEY")
  USING INDEX PCTFREE 10 INITRANS 2 MAXTRANS 255 COMPUTE STATISTICS 
  STORAGE(INITIAL 65536 NEXT 1048576 MINEXTENTS 1 MAXEXTENTS 2147483645
  PCTINCREASE 0 FREELISTS 1 FREELIST GROUPS 1
  BUFFER_POOL DEFAULT FLASH_CACHE DEFAULT CELL_FLASH_CACHE DEFAULT)
  TABLESPACE "USERS"  ENABLE;
  ALTER TABLE "ALEJANDRO"."AUTHTOKEN_TOKEN" ADD UNIQUE ("USER_ID")
  USING INDEX PCTFREE 10 INITRANS 2 MAXTRANS 255 COMPUTE STATISTICS 
  STORAGE(INITIAL 65536 NEXT 1048576 MINEXTENTS 1 MAXEXTENTS 2147483645
  PCTINCREASE 0 FREELISTS 1 FREELIST GROUPS 1
  BUFFER_POOL DEFAULT FLASH_CACHE DEFAULT CELL_FLASH_CACHE DEFAULT)
  TABLESPACE "USERS"  ENABLE;
--------------------------------------------------------
--  Constraints for Table APP_REGION
--------------------------------------------------------

  ALTER TABLE "ALEJANDRO"."APP_REGION" MODIFY ("ID_REGION" NOT NULL ENABLE);
  ALTER TABLE "ALEJANDRO"."APP_REGION" ADD PRIMARY KEY ("ID_REGION")
  USING INDEX PCTFREE 10 INITRANS 2 MAXTRANS 255 COMPUTE STATISTICS 
  STORAGE(INITIAL 65536 NEXT 1048576 MINEXTENTS 1 MAXEXTENTS 2147483645
  PCTINCREASE 0 FREELISTS 1 FREELIST GROUPS 1
  BUFFER_POOL DEFAULT FLASH_CACHE DEFAULT CELL_FLASH_CACHE DEFAULT)
  TABLESPACE "USERS"  ENABLE;
--------------------------------------------------------
--  Constraints for Table AUTH_GROUP
--------------------------------------------------------

  ALTER TABLE "ALEJANDRO"."AUTH_GROUP" MODIFY ("ID" NOT NULL ENABLE);
  ALTER TABLE "ALEJANDRO"."AUTH_GROUP" ADD PRIMARY KEY ("ID")
  USING INDEX PCTFREE 10 INITRANS 2 MAXTRANS 255 COMPUTE STATISTICS 
  TABLESPACE "USERS"  ENABLE;
  ALTER TABLE "ALEJANDRO"."AUTH_GROUP" ADD UNIQUE ("NAME")
  USING INDEX PCTFREE 10 INITRANS 2 MAXTRANS 255 COMPUTE STATISTICS 
  TABLESPACE "USERS"  ENABLE;
--------------------------------------------------------
--  Constraints for Table APP_PERSONAS
--------------------------------------------------------

  ALTER TABLE "ALEJANDRO"."APP_PERSONAS" MODIFY ("ID_PER" NOT NULL ENABLE);
  ALTER TABLE "ALEJANDRO"."APP_PERSONAS" MODIFY ("CODPOSTAL_PER" NOT NULL ENABLE);
  ALTER TABLE "ALEJANDRO"."APP_PERSONAS" ADD PRIMARY KEY ("ID_PER")
  USING INDEX PCTFREE 10 INITRANS 2 MAXTRANS 255 COMPUTE STATISTICS 
  STORAGE(INITIAL 65536 NEXT 1048576 MINEXTENTS 1 MAXEXTENTS 2147483645
  PCTINCREASE 0 FREELISTS 1 FREELIST GROUPS 1
  BUFFER_POOL DEFAULT FLASH_CACHE DEFAULT CELL_FLASH_CACHE DEFAULT)
  TABLESPACE "USERS"  ENABLE;
--------------------------------------------------------
--  Constraints for Table AUTH_GROUP_PERMISSIONS
--------------------------------------------------------

  ALTER TABLE "ALEJANDRO"."AUTH_GROUP_PERMISSIONS" MODIFY ("ID" NOT NULL ENABLE);
  ALTER TABLE "ALEJANDRO"."AUTH_GROUP_PERMISSIONS" MODIFY ("GROUP_ID" NOT NULL ENABLE);
  ALTER TABLE "ALEJANDRO"."AUTH_GROUP_PERMISSIONS" MODIFY ("PERMISSION_ID" NOT NULL ENABLE);
  ALTER TABLE "ALEJANDRO"."AUTH_GROUP_PERMISSIONS" ADD PRIMARY KEY ("ID")
  USING INDEX PCTFREE 10 INITRANS 2 MAXTRANS 255 COMPUTE STATISTICS 
  TABLESPACE "USERS"  ENABLE;
  ALTER TABLE "ALEJANDRO"."AUTH_GROUP_PERMISSIONS" ADD CONSTRAINT "AUTH_GROU_GROUP_ID__0CD325B0_U" UNIQUE ("GROUP_ID", "PERMISSION_ID")
  USING INDEX PCTFREE 10 INITRANS 2 MAXTRANS 255 COMPUTE STATISTICS 
  TABLESPACE "USERS"  ENABLE;
--------------------------------------------------------
--  Ref Constraints for Table APP_PERSONAS
--------------------------------------------------------

  ALTER TABLE "ALEJANDRO"."APP_PERSONAS" ADD CONSTRAINT "APP_PERSO_COMUNA_ID_F30D2B6D_F" FOREIGN KEY ("COMUNA_ID")
	  REFERENCES "ALEJANDRO"."APP_COMUNA" ("ID_COMUNA") DEFERRABLE INITIALLY DEFERRED ENABLE;
  ALTER TABLE "ALEJANDRO"."APP_PERSONAS" ADD CONSTRAINT "APP_PERSO_REGION_ID_39D4B774_F" FOREIGN KEY ("REGION_ID")
	  REFERENCES "ALEJANDRO"."APP_REGION" ("ID_REGION") DEFERRABLE INITIALLY DEFERRED ENABLE;
  ALTER TABLE "ALEJANDRO"."APP_PERSONAS" ADD CONSTRAINT "APP_PERSO_PROFECION_6BCB5711_F" FOREIGN KEY ("PROFECION_ID")
	  REFERENCES "ALEJANDRO"."APP_PROFECION" ("ID_PROFECION") DEFERRABLE INITIALLY DEFERRED ENABLE;
--------------------------------------------------------
--  Ref Constraints for Table AUTH_GROUP_PERMISSIONS
--------------------------------------------------------

  ALTER TABLE "ALEJANDRO"."AUTH_GROUP_PERMISSIONS" ADD CONSTRAINT "AUTH_GROU_GROUP_ID_B120CBF9_F" FOREIGN KEY ("GROUP_ID")
	  REFERENCES "ALEJANDRO"."AUTH_GROUP" ("ID") DEFERRABLE INITIALLY DEFERRED ENABLE;
  ALTER TABLE "ALEJANDRO"."AUTH_GROUP_PERMISSIONS" ADD CONSTRAINT "AUTH_GROU_PERMISSIO_84C5C92E_F" FOREIGN KEY ("PERMISSION_ID")
	  REFERENCES "ALEJANDRO"."AUTH_PERMISSION" ("ID") DEFERRABLE INITIALLY DEFERRED ENABLE;
--------------------------------------------------------
--  Ref Constraints for Table AUTH_PERMISSION
--------------------------------------------------------

  ALTER TABLE "ALEJANDRO"."AUTH_PERMISSION" ADD CONSTRAINT "AUTH_PERM_CONTENT_T_2F476E4B_F" FOREIGN KEY ("CONTENT_TYPE_ID")
	  REFERENCES "ALEJANDRO"."DJANGO_CONTENT_TYPE" ("ID") DEFERRABLE INITIALLY DEFERRED ENABLE;
--------------------------------------------------------
--  Ref Constraints for Table AUTHTOKEN_TOKEN
--------------------------------------------------------

  ALTER TABLE "ALEJANDRO"."AUTHTOKEN_TOKEN" ADD CONSTRAINT "AUTHTOKEN_USER_ID_35299EFF_F" FOREIGN KEY ("USER_ID")
	  REFERENCES "ALEJANDRO"."AUTH_USER" ("ID") DEFERRABLE INITIALLY DEFERRED ENABLE;
--------------------------------------------------------
--  Ref Constraints for Table AUTH_USER_GROUPS
--------------------------------------------------------

  ALTER TABLE "ALEJANDRO"."AUTH_USER_GROUPS" ADD CONSTRAINT "AUTH_USER_USER_ID_6A12ED8B_F" FOREIGN KEY ("USER_ID")
	  REFERENCES "ALEJANDRO"."AUTH_USER" ("ID") DEFERRABLE INITIALLY DEFERRED ENABLE;
  ALTER TABLE "ALEJANDRO"."AUTH_USER_GROUPS" ADD CONSTRAINT "AUTH_USER_GROUP_ID_97559544_F" FOREIGN KEY ("GROUP_ID")
	  REFERENCES "ALEJANDRO"."AUTH_GROUP" ("ID") DEFERRABLE INITIALLY DEFERRED ENABLE;
--------------------------------------------------------
--  Ref Constraints for Table AUTH_USER_USER_PERMISSIONS
--------------------------------------------------------

  ALTER TABLE "ALEJANDRO"."AUTH_USER_USER_PERMISSIONS" ADD CONSTRAINT "AUTH_USER_USER_ID_A95EAD1B_F" FOREIGN KEY ("USER_ID")
	  REFERENCES "ALEJANDRO"."AUTH_USER" ("ID") DEFERRABLE INITIALLY DEFERRED ENABLE;
  ALTER TABLE "ALEJANDRO"."AUTH_USER_USER_PERMISSIONS" ADD CONSTRAINT "AUTH_USER_PERMISSIO_1FBB5F2C_F" FOREIGN KEY ("PERMISSION_ID")
	  REFERENCES "ALEJANDRO"."AUTH_PERMISSION" ("ID") DEFERRABLE INITIALLY DEFERRED ENABLE;
--------------------------------------------------------
--  Ref Constraints for Table DJANGO_ADMIN_LOG
--------------------------------------------------------

  ALTER TABLE "ALEJANDRO"."DJANGO_ADMIN_LOG" ADD CONSTRAINT "DJANGO_AD_CONTENT_T_C4BCE8EB_F" FOREIGN KEY ("CONTENT_TYPE_ID")
	  REFERENCES "ALEJANDRO"."DJANGO_CONTENT_TYPE" ("ID") DEFERRABLE INITIALLY DEFERRED ENABLE;
  ALTER TABLE "ALEJANDRO"."DJANGO_ADMIN_LOG" ADD CONSTRAINT "DJANGO_AD_USER_ID_C564EBA6_F" FOREIGN KEY ("USER_ID")
	  REFERENCES "ALEJANDRO"."AUTH_USER" ("ID") DEFERRABLE INITIALLY DEFERRED ENABLE;
